iteration,epoch,loss,max_accuracy
38,9,1.228603442509969,60.416666666666664
36,9,1.2873610258102417,58.59375
32,8,1.2521051168441772,57.8125
2,2,2.3215508460998535,20.0
33,8,1.343968689441681,56.25
320,8,0.882898211479187,71.09375
2,2,2.169018268585205,24.0
8,8,1.3106276988983154,72.0
281,7,0.9921977818012238,66.015625
1,1,2.3122310638427734,22.0
2,2,2.3020737171173096,16.0
