iteration,epoch,loss,max_accuracy
38,9,1.228603442509969,60.416666666666664
36,9,1.2873610258102417,58.59375
32,8,1.2521051168441772,57.8125
